{
  "model": "FFT-XGBoost",
  "accuracy": 0.87365,
  "precision": 0.8736562811620865,
  "recall": 0.87365,
  "f1": 0.8736494690118936,
  "roc_auc": 0.944600645,
  "confusion_matrix": [
    [
      8716,
      1284
    ],
    [
      1243,
      8757
    ]
  ],
  "n_test": 20000,
  "label_distribution": {
    "REAL": 10000,
    "FAKE": 10000
  },
  "label_note": "Chu\u1ea9n label: 0=REAL, 1=FAKE. probabilities = P(FAKE=AI-generated).",
  "has_paths": true
}