{
  "model": "EfficientNet-B0",
  "accuracy": 0.9856,
  "precision": 0.9856000194240009,
  "recall": 0.9856,
  "f1": 0.9855999998560001,
  "roc_auc": 0.99888453,
  "confusion_matrix": [
    [
      9855,
      145
    ],
    [
      143,
      9857
    ]
  ],
  "n_test": 20000
}