{
  "model": "ViT-B/16",
  "accuracy": 0.9854,
  "precision": 0.9854897961927037,
  "recall": 0.9854,
  "f1": 0.9853993248647818,
  "roc_auc": 0.9991287450000002,
  "confusion_matrix": [
    [
      9786,
      214
    ],
    [
      78,
      9922
    ]
  ],
  "n_test": 20000,
  "train_limit": 20000,
  "epochs": 5
}