{
  "model": "SVM (RBF)",
  "kernel": "rbf",
  "C": 1.0,
  "n_support_vectors": [
    2402,
    2378
  ],
  "n_train_used": 8000,
  "accuracy": 0.8274,
  "precision": 0.8274004714566788,
  "recall": 0.8274,
  "f1": 0.8273999378639777,
  "roc_auc": 0.90436576,
  "confusion_matrix": [
    [
      4140,
      860
    ],
    [
      866,
      4134
    ]
  ],
  "n_test": 10000
}