{
  "model": "ResNet50",
  "epochs": 5,
  "accuracy": 0.98605,
  "precision": 0.9860616703407049,
  "recall": 0.98605,
  "f1": 0.9860499162646224,
  "roc_auc": 0.999088965,
  "confusion_matrix": [
    [
      9836,
      164
    ],
    [
      115,
      9885
    ]
  ],
  "n_test": 20000,
  "label_note": "probabilities = P(FAKE=AI-generated), labels: 0=REAL 1=FAKE"
}